ai_episode_id,ai_seat,ai_label,ai_start_ms,ai_end_ms,match_status
e9ae121d-67fc-43f3-b0e4-9cf9ab3e3b95,SEAT-ROOM-CALIB-01-18,HEAD_TURN_LEFT,0.0,800.0,FP
0030267b-0ad2-41c9-a3ff-7c4155a7a025,SEAT-ROOM-CALIB-01-03,HEAD_TURN_RIGHT,200.0,1000.0000000000001,FP
f32007c1-86c2-4099-9cd5-126199a87adf,SEAT-ROOM-CALIB-01-08,HEAD_TURN_LEFT,0.0,1033.3333333333335,FP
9dc10bf1-5664-462f-ab76-907a56c70cb0,SEAT-ROOM-CALIB-01-21,HEAD_TURN_LEFT,0.0,2166.666666666667,FP
e636863e-dc2e-468b-adde-081475a20657,SEAT-ROOM-CALIB-01-18,HEAD_TURN_LEFT,833.3333333333334,2266.666666666667,FP
63d7b5c8-8658-448c-af02-dba8376e3fa6,SEAT-ROOM-CALIB-01-09,HEAD_TURN_RIGHT,233.33333333333334,2333.3333333333335,FP
71b9ba2b-bd0f-4674-bc4f-b615e4cd456a,SEAT-ROOM-CALIB-01-17,HEAD_TURN_LEFT,1266.6666666666667,1866.6666666666667,FP
29d7a011-e893-40e1-9876-0d1673f219a8,SEAT-ROOM-CALIB-01-20,HEAD_TURN_RIGHT,0.0,2800.0,FP
aff7a14e-53cf-4dbe-a867-ada4c2488832,SEAT-ROOM-CALIB-01-05,HEAD_TURN_RIGHT,1333.3333333333335,4133.333333333334,FP
b0ed90a3-e3de-4c8c-b377-82dc08a40d81,SEAT-ROOM-CALIB-01-06,HEAD_TURN_LEFT,1700.0000000000002,4266.666666666667,FP
a13bb98e-2eb9-4550-8e8d-cdf9c1449f41,SEAT-ROOM-CALIB-01-21,HEAD_TURN_RIGHT,2800.0,4566.666666666667,FP
f7ea19d3-a124-449e-b05a-e65d0b993dfb,SEAT-ROOM-CALIB-01-17,HEAD_TURN_LEFT,4233.333333333334,5033.333333333334,FP
e9772fb3-1b01-4641-bc03-b6dddec32356,SEAT-ROOM-CALIB-01-06,HEAD_TURN_RIGHT,3900.0000000000005,5066.666666666667,FP
988194ed-bc27-4939-b412-efdc3ef6c246,SEAT-ROOM-CALIB-01-21,HEAD_TURN_LEFT,4200.0,5400.0,FP
c874cf8e-e096-4634-84ed-744790bb6c12,SEAT-ROOM-CALIB-01-05,HEAD_TURN_RIGHT,4566.666666666667,5533.333333333334,FP
b8e3ec8d-961d-4266-8c23-8f8f3a54da4b,SEAT-ROOM-CALIB-01-07,HEAD_TURN_RIGHT,4633.333333333334,5700.0,FP
bf047aaf-eef4-4f3c-845e-c447aca1ff84,SEAT-ROOM-CALIB-01-03,HEAD_TURN_RIGHT,1033.3333333333335,5833.333333333334,FP
28691978-e4fa-480f-8319-0abc84b94a73,SEAT-ROOM-CALIB-01-09,HEAD_TURN_RIGHT,4466.666666666667,6000.0,FP
6d7715a2-5015-4f5d-ad19-c7f1eeb95025,SEAT-ROOM-CALIB-01-21,HEAD_TURN_RIGHT,5400.0,6300.0,FP
c2a23ec0-9b44-4680-a3f8-50f35401e065,SEAT-ROOM-CALIB-01-08,HEAD_TURN_RIGHT,666.6666666666667,6866.666666666667,FP
f2031fd1-6030-4f71-8c5d-d56c4e4a9d37,SEAT-ROOM-CALIB-01-18,HEAD_TURN_RIGHT,1900.0000000000002,5666.666666666667,FP
b42d67b1-ee5f-47bc-b66d-aa2d22605843,SEAT-ROOM-CALIB-01-09,HEAD_TURN_LEFT,5833.333333333334,7033.333333333334,FP
581935b1-a604-4dbc-8900-a301aeb9a23b,SEAT-ROOM-CALIB-01-05,HEAD_TURN_LEFT,5366.666666666667,7133.333333333334,FP
68a557a3-3f06-4174-9694-7b967a0fdc6c,SEAT-ROOM-CALIB-01-12,HEAD_TURN_LEFT,0.0,7433.333333333334,FP
974c8236-b45f-48cc-ab1e-0904e7de378e,SEAT-ROOM-CALIB-01-16,HEAD_TURN_LEFT,4833.333333333334,6233.333333333334,FP
d119f4cb-5079-463b-a564-7daa86eccd2d,SEAT-ROOM-CALIB-01-06,HEAD_TURN_LEFT,4700.0,8733.333333333334,FP
19922fc6-ec07-470a-a946-5492e0cef041,SEAT-ROOM-CALIB-01-09,HEAD_TURN_LEFT,7200.000000000001,7766.666666666667,FP
0f8585f5-6873-4f10-9ee8-8325ce5307f8,SEAT-ROOM-CALIB-01-08,HEAD_TURN_LEFT,8100.000000000001,9066.666666666668,FP
36340fc8-bd41-4ca9-af5b-1fa58a0e57a9,SEAT-ROOM-CALIB-01-17,HEAD_TURN_LEFT,5066.666666666667,8000.000000000001,FP
aa042686-cd56-4ea9-9c68-0833a818f4ce,SEAT-ROOM-CALIB-01-03,HEAD_TURN_RIGHT,6066.666666666667,9433.333333333334,FP
0d6a74bd-f54e-44e6-940b-9ce748591a7d,SEAT-ROOM-CALIB-01-18,HEAD_TURN_RIGHT,8000.000000000001,8600.0,FP
d6e4c7b4-9a8e-4b7d-bd24-b8c174faa6dd,SEAT-ROOM-CALIB-01-06,HEAD_TURN_LEFT,8966.666666666668,10133.333333333334,FP
4e152a5c-13f6-495f-bace-0c60b48ee776,SEAT-ROOM-CALIB-01-07,HEAD_TURN_LEFT,9866.666666666668,11233.333333333334,FP
ddf9564c-bdbc-4c77-a4fc-43d31819bc50,SEAT-ROOM-CALIB-01-12,HEAD_TURN_LEFT,7666.666666666667,11633.333333333334,FP
022e4980-7561-43ba-b926-901b475dc46e,SEAT-ROOM-CALIB-01-18,HEAD_TURN_RIGHT,10666.666666666668,11266.666666666668,FP
b748c6c2-f920-4a6c-87b6-a02486a41d6c,SEAT-ROOM-CALIB-01-13,HEAD_TURN_RIGHT,8733.333333333334,13000.000000000002,FP
c5979140-75b1-462d-a62a-f221a3464d29,SEAT-ROOM-CALIB-01-08,HEAD_TURN_RIGHT,9900.0,13300.000000000002,FP
0e698680-98e5-4538-84f6-0a89f682314d,SEAT-ROOM-CALIB-01-21,HEAD_TURN_LEFT,5933.333333333334,13333.333333333334,FP
7ad98dad-28e2-4515-acaa-1efc1f2446e6,SEAT-ROOM-CALIB-01-03,HEAD_TURN_LEFT,9066.666666666668,13433.333333333334,FP
96764dc2-c584-4097-bb09-24c466021ad6,SEAT-ROOM-CALIB-01-12,HEAD_TURN_LEFT,13866.666666666668,15033.333333333334,FP
a16bb5a9-1e09-4c51-ad7a-239ee3a6c8f6,SEAT-ROOM-CALIB-01-07,HEAD_TURN_LEFT,11466.666666666668,15666.666666666668,FP
eaa89868-fd46-4241-931e-612dd7b9e41d,SEAT-ROOM-CALIB-01-03,HEAD_TURN_LEFT,13466.666666666668,15833.333333333334,FP
ba63655a-5704-47fe-bc95-8ba57af885c4,SEAT-ROOM-CALIB-01-03,HEAD_TURN_RIGHT,15466.666666666668,16633.333333333336,FP
3cfe3abe-a5eb-443d-a2be-17b193ddcd27,SEAT-ROOM-CALIB-01-07,HEAD_TURN_LEFT,16066.666666666668,17433.333333333336,FP
36a5c8a5-6f34-43f3-bb02-f0ae5ab135a8,SEAT-ROOM-CALIB-01-08,HEAD_TURN_LEFT,16500.0,17533.333333333336,FP
a19d6f40-678e-4fee-a8ff-ce37d5875f6d,SEAT-ROOM-CALIB-01-10,HEAD_TURN_LEFT,14966.666666666668,16300.000000000002,FP
afead15e-1f2c-43df-a6ad-81015614182c,SEAT-ROOM-CALIB-01-06,HEAD_TURN_LEFT,10666.666666666668,17733.333333333336,FP
0b09c836-7585-452a-8d70-af98ae5a58b8,SEAT-ROOM-CALIB-01-12,HEAD_TURN_LEFT,15466.666666666668,17833.333333333336,FP
ca0882c2-044b-48e2-9695-6ce70a6d3e1c,SEAT-ROOM-CALIB-01-13,HEAD_TURN_LEFT,15300.000000000002,16566.666666666668,FP
30be2dac-3434-4885-85c1-73295bfc48fa,SEAT-ROOM-CALIB-01-05,HEAD_TURN_RIGHT,15466.666666666668,16700.0,FP
bb27d1f6-181e-461a-96e6-898e72268fe1,SEAT-ROOM-CALIB-01-03,HEAD_TURN_LEFT,17066.666666666668,18033.333333333336,FP
8294aceb-49ac-4240-b51d-83e6c8a49cba,SEAT-ROOM-CALIB-01-09,HEAD_TURN_RIGHT,17800.0,18600.0,FP
46d6f6f3-684f-42cc-b615-c20d2d478dcf,SEAT-ROOM-CALIB-01-03,HEAD_TURN_RIGHT,17666.666666666668,18633.333333333336,FP
bef4ebbc-fe32-4ecb-881b-1e94ea8e96f9,SEAT-ROOM-CALIB-01-21,HEAD_TURN_LEFT,14566.666666666668,18666.666666666668,FP
8ca09a0b-fa70-4983-b9e7-7dc3122428d5,SEAT-ROOM-CALIB-01-09,HEAD_TURN_LEFT,18633.333333333336,19866.666666666668,FP
809bc72f-3969-4924-ade0-38f8367505a0,SEAT-ROOM-CALIB-01-17,HEAD_TURN_LEFT,14433.333333333334,19033.333333333336,FP
5e5582c8-fa01-45a8-b80f-c8e12455f2d0,SEAT-ROOM-CALIB-01-18,HEAD_TURN_RIGHT,14433.333333333334,19233.333333333336,FP
6c67d2ab-d018-43fb-9bc5-5425fdebdf41,SEAT-ROOM-CALIB-01-06,HEAD_TURN_RIGHT,18366.666666666668,20533.333333333336,FP
44a75b1a-132e-4fcd-adea-d7dfd8a2e02d,SEAT-ROOM-CALIB-01-09,HEAD_TURN_RIGHT,19500.0,20066.666666666668,FP
4e8c5420-7e76-4897-9f51-9edf6d96e9b1,SEAT-ROOM-CALIB-01-21,HEAD_TURN_LEFT,19266.666666666668,22033.333333333336,FP
91cc4971-3efa-4425-a1f8-13ed875dd2fd,SEAT-ROOM-CALIB-01-08,HEAD_TURN_RIGHT,17633.333333333336,22066.666666666668,FP
95e647bc-ea67-432d-91a0-11bd6ee8f7fc,SEAT-ROOM-CALIB-01-07,HEAD_TURN_LEFT,21966.666666666668,23000.0,FP
ada8baa2-652a-4287-afeb-0618631e2a4b,SEAT-ROOM-CALIB-01-21,HEAD_TURN_RIGHT,21866.666666666668,23166.666666666668,FP
0435a7e8-367f-4521-a3ba-cadafa1d2bf1,SEAT-ROOM-CALIB-01-12,HEAD_TURN_LEFT,21866.666666666668,23433.333333333336,FP
fee8568f-ad2c-4a9a-aae2-c9f45111a24c,SEAT-ROOM-CALIB-01-06,HEAD_TURN_RIGHT,22366.666666666668,24133.333333333336,FP
5310be5f-46a7-4c97-8ceb-b10c2f8cf6c0,SEAT-ROOM-CALIB-01-12,HEAD_TURN_LEFT,24066.666666666668,25433.333333333336,FP
8e3a39e8-a23d-450a-b4d8-af48659e6616,SEAT-ROOM-CALIB-01-13,HEAD_TURN_LEFT,21366.666666666668,24433.333333333336,FP
64b85b7b-a3a4-4b6d-bf34-4680c1d0d527,SEAT-ROOM-CALIB-01-03,HEAD_TURN_RIGHT,22466.666666666668,26233.333333333336,FP
a774f51a-6841-467e-9adf-db86dd8a4acb,SEAT-ROOM-CALIB-01-05,HEAD_TURN_RIGHT,24433.333333333336,25033.333333333336,FP
8dd14951-66ad-4c93-a38c-e68dfe0f238b,SEAT-ROOM-CALIB-01-16,HEAD_TURN_LEFT,25100.0,27500.000000000004,FP
7bc836aa-e684-4a13-9ea0-5492ef68d8ba,SEAT-ROOM-CALIB-01-18,HEAD_TURN_RIGHT,22300.0,27833.333333333336,FP
9816ee78-82b7-439a-885a-2387984aa822,SEAT-ROOM-CALIB-01-21,HEAD_TURN_RIGHT,24200.0,27900.000000000004,FP
6176ce29-3710-48ad-9de8-7ceeb15cf72c,SEAT-ROOM-CALIB-01-17,HEAD_TURN_LEFT,25466.666666666668,26666.666666666668,FP
a06c89e3-9884-4664-a309-3d2f9846ed49,SEAT-ROOM-CALIB-01-12,HEAD_TURN_RIGHT,27266.666666666668,28233.333333333336,FP
622a6be0-93b0-45d2-9a53-da5d19b5423e,SEAT-ROOM-CALIB-01-13,HEAD_TURN_RIGHT,26666.666666666668,28266.666666666668,FP
e54a21e0-f624-485d-99da-fd352483e410,SEAT-ROOM-CALIB-01-03,HEAD_TURN_RIGHT,26266.666666666668,29033.333333333336,FP
00ce36f3-e988-46da-af54-8b181e5a533b,SEAT-ROOM-CALIB-01-09,HEAD_TURN_RIGHT,27266.666666666668,29633.333333333336,FP
62d04423-7424-4e65-ada0-4a29579cab6c,SEAT-ROOM-CALIB-01-20,HEAD_TURN_RIGHT,4700.0,28700.000000000004,FP
a97e9342-2af0-411f-a834-4c83969e4eae,SEAT-ROOM-CALIB-01-05,HEAD_TURN_LEFT,28533.333333333336,29133.333333333336,FP
fd1cb47d-5cdb-478a-bb85-e706151c0706,SEAT-ROOM-CALIB-01-18,HEAD_TURN_RIGHT,28266.666666666668,31266.666666666668,FP
75266d4d-00c2-48eb-8b46-883542d5e5ef,SEAT-ROOM-CALIB-01-17,HEAD_TURN_LEFT,28833.333333333336,31466.666666666668,FP
1bf1be16-09bf-47e6-9e6d-0947ea1dc110,SEAT-ROOM-CALIB-01-07,HEAD_TURN_LEFT,26166.666666666668,30266.666666666668,FP
5fe9b06f-1d2b-47e4-96ea-d6af02c6cb36,SEAT-ROOM-CALIB-01-06,HEAD_TURN_LEFT,26533.333333333336,31733.333333333336,FP
386267ba-0877-4ef7-80f6-d4cc95359d19,SEAT-ROOM-CALIB-01-16,HEAD_TURN_LEFT,28200.000000000004,31933.333333333336,FP
b706f166-bad3-47fe-8509-a6f9531ab549,SEAT-ROOM-CALIB-01-09,HEAD_TURN_LEFT,30933.333333333336,32133.333333333336,FP
92d8defc-22bf-4372-9519-d1467f68330c,SEAT-ROOM-CALIB-01-21,HEAD_TURN_LEFT,31266.666666666668,32200.000000000004,FP
374807a7-74e4-4eb8-bf7d-0fbb32f4de83,SEAT-ROOM-CALIB-01-12,HEAD_TURN_LEFT,29666.666666666668,32233.333333333336,FP
bbad7a53-33ea-405c-b7b1-fe0a40c54fcc,SEAT-ROOM-CALIB-01-10,HEAD_TURN_RIGHT,30233.333333333336,31333.333333333336,FP
412a02d7-1cc1-4838-8c94-20f08695d612,SEAT-ROOM-CALIB-01-09,HEAD_TURN_RIGHT,31766.666666666668,32333.333333333336,FP
b345d293-27c8-438e-b2b4-b9b03e698c00,SEAT-ROOM-CALIB-01-21,HEAD_TURN_RIGHT,32066.666666666668,33900.0,FP
cb3ad101-857f-487e-89f3-8c7986cf2e81,SEAT-ROOM-CALIB-01-05,HEAD_TURN_LEFT,31800.000000000004,34033.333333333336,FP
8bb51648-eb6d-4791-bbe4-d86110de1318,SEAT-ROOM-CALIB-01-20,HEAD_TURN_RIGHT,30400.000000000004,34266.66666666667,FP
c90b231d-a1c7-462b-977d-610f43a0d46d,SEAT-ROOM-CALIB-01-15,HEAD_TURN_LEFT,30966.666666666668,34300.0,FP
bc97c5fd-c812-450b-a03d-29586fe84e24,SEAT-ROOM-CALIB-01-07,HEAD_TURN_RIGHT,32033.333333333336,33100.0,FP
b0ad34a6-e55a-4ed9-89a1-6b3de6234398,SEAT-ROOM-CALIB-01-08,HEAD_TURN_RIGHT,23900.0,34733.333333333336,FP
7961d92e-7e61-47c3-a8d7-e4b7d401ebea,SEAT-ROOM-CALIB-01-21,HEAD_TURN_RIGHT,33933.333333333336,34900.0,FP
8195f6a1-fd16-4de7-b704-8d01479b4020,SEAT-ROOM-CALIB-01-21,HEAD_TURN_LEFT,34466.66666666667,35300.0,FP
01adf28e-dc9d-4f15-b571-2f92c1edfd8f,SEAT-ROOM-CALIB-01-16,HEAD_TURN_LEFT,33133.333333333336,34100.0,FP
146f9a86-dff3-43ed-b174-f10e1d853e6b,SEAT-ROOM-CALIB-01-05,HEAD_TURN_RIGHT,33666.66666666667,34233.333333333336,FP
846efd66-ed79-403e-9126-59de27550f34,SEAT-ROOM-CALIB-01-12,HEAD_TURN_RIGHT,34666.66666666667,36233.333333333336,FP
6afaa1c3-5db4-41d2-8c11-4f60c16b30df,SEAT-ROOM-CALIB-01-06,HEAD_TURN_LEFT,34166.66666666667,35100.0,FP
2d371cf6-de72-469e-b2d7-9199f230e9cb,SEAT-ROOM-CALIB-01-20,HEAD_TURN_LEFT,34200.0,36400.0,FP
7ecfff45-ef7c-42f1-924d-d8a82cf348e7,SEAT-ROOM-CALIB-01-08,HEAD_TURN_LEFT,36433.333333333336,37400.0,FP
1896e800-bf3d-4b48-b44e-39601ce671e0,SEAT-ROOM-CALIB-01-21,HEAD_TURN_RIGHT,34933.333333333336,37900.0,FP
0a8d0e13-123e-4833-9529-6ac3ef553659,SEAT-ROOM-CALIB-01-20,HEAD_TURN_RIGHT,36700.0,38233.333333333336,FP
a718a818-1201-44fd-b663-0f78a8416ae6,SEAT-ROOM-CALIB-01-18,HEAD_TURN_RIGHT,31300.000000000004,38333.333333333336,FP
b1d42ed1-dace-4794-b0a5-7a8fc09ec8a4,SEAT-ROOM-CALIB-01-17,HEAD_TURN_LEFT,36633.333333333336,37166.66666666667,FP
e3ef31b2-4ad6-4614-8797-5405701aed7e,SEAT-ROOM-CALIB-01-13,HEAD_TURN_LEFT,36733.333333333336,37300.0,FP
3385b3ef-3280-4c57-bdf6-799c23d8c535,SEAT-ROOM-CALIB-01-18,HEAD_TURN_LEFT,37933.333333333336,38900.0,FP
1bb1df2e-4f30-4691-bf78-07f640604ffc,SEAT-ROOM-CALIB-01-03,HEAD_TURN_RIGHT,33633.333333333336,39400.0,FP
73f0a3d3-9256-4022-8229-b80a146ba8e3,SEAT-ROOM-CALIB-01-21,HEAD_TURN_LEFT,37933.333333333336,39533.333333333336,FP
49d033a8-0dcd-4a2b-b826-1bcf891cb8cc,SEAT-ROOM-CALIB-01-20,HEAD_TURN_LEFT,37566.66666666667,38366.66666666667,FP
88ba22b4-4984-4aaa-9f15-b8871c7c6514,SEAT-ROOM-CALIB-01-06,HEAD_TURN_RIGHT,38066.66666666667,40033.333333333336,FP
9346224a-9854-4842-82d0-838eb096774d,SEAT-ROOM-CALIB-01-21,HEAD_TURN_RIGHT,39133.333333333336,39633.333333333336,FP
d33c4bbd-40f2-49a5-826a-b49276a3a970,SEAT-ROOM-CALIB-01-03,HEAD_TURN_RIGHT,39833.333333333336,41000.0,FP
11c8c67d-dc7c-41e3-baa2-1fd5baea12a3,SEAT-ROOM-CALIB-01-08,HEAD_TURN_RIGHT,41066.66666666667,41900.0,FP
fb85cabc-4d50-4986-83f0-bf043bd336a5,SEAT-ROOM-CALIB-01-16,HEAD_TURN_LEFT,41633.333333333336,42500.0,FP
e7de1488-1f90-4de1-8cfc-04146e031c3e,SEAT-ROOM-CALIB-01-20,HEAD_TURN_LEFT,40000.0,42566.66666666667,FP
8fdd290d-108a-4db7-9243-faa77fd00deb,SEAT-ROOM-CALIB-01-03,HEAD_TURN_RIGHT,41233.333333333336,43200.0,FP
9890b022-d25b-496b-9ada-850f844f6224,SEAT-ROOM-CALIB-01-12,HEAD_TURN_LEFT,41866.66666666667,43233.333333333336,FP
c2d9e958-b221-46a2-a6ed-a3c5c894a460,SEAT-ROOM-CALIB-01-08,HEAD_TURN_LEFT,41533.333333333336,43266.66666666667,FP
c9b8fc38-da4b-4e08-bab5-bb80cab7be7d,SEAT-ROOM-CALIB-01-06,HEAD_TURN_LEFT,40866.66666666667,42400.0,FP
4471d519-cf1a-4384-b779-698a53029ca7,SEAT-ROOM-CALIB-01-21,HEAD_TURN_LEFT,42266.66666666667,43700.0,FP
8c7ba03a-c47f-445e-9fd9-f80a96f8dd36,SEAT-ROOM-CALIB-01-14,HEAD_TURN_RIGHT,25033.333333333336,44833.333333333336,FP
5b6bc15e-61e7-4e2b-b959-bbdc95f3264a,SEAT-ROOM-CALIB-01-09,HEAD_TURN_RIGHT,42666.66666666667,44933.333333333336,FP
2ff4d14c-d6af-456a-87ab-4f5e2f33695a,SEAT-ROOM-CALIB-01-14,HEAD_TURN_LEFT,44266.66666666667,45233.333333333336,FP
0a642038-a1b5-4a13-8dcf-2e21f429247f,SEAT-ROOM-CALIB-01-20,HEAD_TURN_RIGHT,43400.0,45366.66666666667,FP
091d83ef-edc0-4125-8eb6-0ec9d98d1277,SEAT-ROOM-CALIB-01-09,HEAD_TURN_LEFT,44566.66666666667,45633.333333333336,FP
ab99eb8e-058a-4137-ab91-7b43c4c5cf1c,SEAT-ROOM-CALIB-01-20,HEAD_TURN_LEFT,44900.0,45800.0,FP
d702870e-7636-4d02-bfdb-2e6090c36ee5,SEAT-ROOM-CALIB-01-13,HEAD_TURN_RIGHT,45300.0,46300.0,FP
6a31aa9e-2358-4a32-b6f5-227e1bfcae4d,SEAT-ROOM-CALIB-01-15,HEAD_TURN_RIGHT,40933.333333333336,46300.0,FP
188d6819-9876-446e-b9c7-538c423af115,SEAT-ROOM-CALIB-01-18,HEAD_TURN_RIGHT,38933.333333333336,45300.0,FP
a10935d8-0da8-458b-8b5d-3300fd1245d3,SEAT-ROOM-CALIB-01-21,HEAD_TURN_RIGHT,43933.333333333336,46900.0,FP
5a03591e-a313-4c61-a7b2-a669201c6f4c,SEAT-ROOM-CALIB-01-09,HEAD_TURN_RIGHT,45266.66666666667,45833.333333333336,FP
471654d7-e55d-49ea-9684-2f16fad720b7,SEAT-ROOM-CALIB-01-13,HEAD_TURN_LEFT,45933.333333333336,46333.333333333336,FP
cec2242b-06a5-4a93-8aad-e00bdb4331fd,SEAT-ROOM-CALIB-01-20,HEAD_TURN_RIGHT,45600.0,48600.0,FP
c0f93e17-f5c7-4a0d-9809-feee59e4bccd,SEAT-ROOM-CALIB-01-06,HEAD_TURN_LEFT,46266.66666666667,48933.333333333336,FP
5657e5f4-5568-4e1e-b5cb-0c82ef22c45c,SEAT-ROOM-CALIB-01-03,HEAD_TURN_RIGHT,43233.333333333336,48966.66666666667,FP
5e19be46-0ede-4d36-b1fb-af3e2a1c13f1,SEAT-ROOM-CALIB-01-08,HEAD_TURN_RIGHT,48233.333333333336,49500.0,FP
b96043fc-6b9e-4d91-b355-9d20dae74d30,SEAT-ROOM-CALIB-01-14,HEAD_TURN_RIGHT,44866.66666666667,50233.333333333336,FP
81ecb598-18c7-4848-b44c-f18d318eea28,SEAT-ROOM-CALIB-01-05,HEAD_TURN_LEFT,48300.0,49100.0,FP
2563e1cc-675a-4026-8be0-5b82391de8f9,SEAT-ROOM-CALIB-01-12,HEAD_TURN_LEFT,48866.66666666667,50400.0,FP
9db4e4ef-8e36-41aa-a263-2c40ad9b685a,SEAT-ROOM-CALIB-01-21,HEAD_TURN_RIGHT,46933.333333333336,50500.0,FP
fcf73215-9654-4ff1-8688-f8dc680c7230,SEAT-ROOM-CALIB-01-13,HEAD_TURN_LEFT,49633.333333333336,50933.333333333336,FP
c8160722-479c-4b99-869e-e52e5e46355c,SEAT-ROOM-CALIB-01-15,HEAD_TURN_RIGHT,46733.333333333336,49966.66666666667,FP
2cbbc86f-604b-417c-8655-3fb3d9046201,SEAT-ROOM-CALIB-01-16,HEAD_TURN_LEFT,50100.0,51300.00000000001,FP
1ed741e5-e068-49a0-9328-73b8a1d640d5,SEAT-ROOM-CALIB-01-08,HEAD_TURN_LEFT,50300.0,51666.66666666667,FP
f485f93f-bc79-4c15-b649-47804b999129,SEAT-ROOM-CALIB-01-18,HEAD_TURN_RIGHT,50533.333333333336,51133.333333333336,FP
0d106833-f7ba-40ce-9d0b-36fc2efb50b2,SEAT-ROOM-CALIB-01-12,HEAD_TURN_LEFT,50433.333333333336,52433.333333333336,FP
5adfca4f-67bd-45a0-97e8-273bd3886136,SEAT-ROOM-CALIB-01-06,HEAD_TURN_LEFT,50066.66666666667,52733.333333333336,FP
857ba3b2-819a-469d-90ea-45f47fdd02f6,SEAT-ROOM-CALIB-01-16,HEAD_TURN_RIGHT,50933.333333333336,51466.66666666667,FP
78c1beb5-1268-49b6-a9a9-ab13b6d2608b,SEAT-ROOM-CALIB-01-21,HEAD_TURN_LEFT,50733.333333333336,52933.333333333336,FP
bab89df9-a7c7-4e6c-a077-6049ebd2f786,SEAT-ROOM-CALIB-01-13,HEAD_TURN_LEFT,52300.00000000001,53833.333333333336,FP
b0af1bcf-3a23-41a6-9134-a53f25be3f52,SEAT-ROOM-CALIB-01-21,HEAD_TURN_LEFT,53166.66666666667,54300.00000000001,FP
cff6580c-dd70-4672-8608-bb4cdedee8f9,SEAT-ROOM-CALIB-01-13,HEAD_TURN_RIGHT,53433.333333333336,54433.333333333336,FP
2250cd59-feb2-40b8-a176-0849458faea3,SEAT-ROOM-CALIB-01-20,HEAD_TURN_RIGHT,49033.333333333336,54666.66666666667,FP
709e1f31-ad80-4e16-b7bb-704b981c849d,SEAT-ROOM-CALIB-01-08,HEAD_TURN_RIGHT,51700.00000000001,54800.00000000001,FP
1afdd1b1-aef0-4969-b695-0d0622036b91,SEAT-ROOM-CALIB-01-17,HEAD_TURN_LEFT,52133.333333333336,53866.66666666667,FP
1833c0ea-afe3-4b76-957e-d9c5fbff2b3b,SEAT-ROOM-CALIB-01-20,HEAD_TURN_LEFT,54300.00000000001,55266.66666666667,FP
5dc45362-cb1a-43b2-a99e-e6d8b40c6f96,SEAT-ROOM-CALIB-01-08,HEAD_TURN_LEFT,54433.333333333336,55400.00000000001,FP
62f37c4c-7a17-4190-ba5d-2fab9eaf75ee,SEAT-ROOM-CALIB-01-13,HEAD_TURN_LEFT,54066.66666666667,54600.00000000001,FP
c80c54bf-b3f6-41d4-b120-3a87f2dbfa32,SEAT-ROOM-CALIB-01-09,HEAD_TURN_LEFT,52433.333333333336,54666.66666666667,FP
3019e3f6-5478-404d-b617-7d1a077d80bd,SEAT-ROOM-CALIB-01-18,HEAD_TURN_RIGHT,53366.66666666667,54800.00000000001,FP
0506ea7a-e3d3-4342-bf15-267da5547da6,SEAT-ROOM-CALIB-01-21,HEAD_TURN_LEFT,54533.333333333336,56100.00000000001,FP
4fb7b4c4-85f5-4826-882a-55e843760b4d,SEAT-ROOM-CALIB-01-03,HEAD_TURN_RIGHT,49000.0,56166.66666666667,FP
966e8ed5-6c0a-412d-b350-400bc18aef79,SEAT-ROOM-CALIB-01-06,HEAD_TURN_LEFT,54066.66666666667,56433.333333333336,FP
bddb18f2-6005-455a-824e-18dd98e4f923,SEAT-ROOM-CALIB-01-21,HEAD_TURN_RIGHT,55733.333333333336,56900.00000000001,FP
855c0790-332d-43ff-a7c2-7c86609f3b35,SEAT-ROOM-CALIB-01-12,HEAD_TURN_LEFT,56033.333333333336,57000.00000000001,FP
29a24049-2fef-4851-be3e-db26c01503ec,SEAT-ROOM-CALIB-01-15,HEAD_TURN_RIGHT,51433.333333333336,56666.66666666667,FP
96b61dc8-9395-4090-b044-badd7fe08ab9,SEAT-ROOM-CALIB-01-07,HEAD_TURN_RIGHT,37000.0,58000.00000000001,FP
c17f6963-bbaa-419d-85cd-b1e43c563808,SEAT-ROOM-CALIB-01-13,HEAD_TURN_LEFT,57166.66666666667,58233.333333333336,FP
606883cc-89af-4a70-b7a0-2736a16c71bd,SEAT-ROOM-CALIB-01-06,HEAD_TURN_RIGHT,56066.66666666667,58600.00000000001,FP
14709f8a-8e8a-41ff-a537-f885ce046715,SEAT-ROOM-CALIB-01-13,HEAD_TURN_RIGHT,57766.66666666667,58633.333333333336,FP
1765b3a6-0f3d-4431-89e5-877a7c83d4a6,SEAT-ROOM-CALIB-01-21,HEAD_TURN_RIGHT,56933.333333333336,59100.00000000001,FP
82468bfc-0b3a-4d8d-bc51-64d7a475e054,SEAT-ROOM-CALIB-01-17,HEAD_TURN_LEFT,57066.66666666667,58633.333333333336,FP
451b34cc-9adb-4de9-9a2f-4afabf2626c9,SEAT-ROOM-CALIB-01-03,HEAD_TURN_RIGHT,56600.00000000001,59966.66666666667,FP
f00c655d-2b43-47d0-a19f-3a5d8216efa0,SEAT-ROOM-CALIB-01-15,HEAD_TURN_RIGHT,58166.66666666667,60000.00000000001,FP
7392b08b-815d-471b-bac7-1988ed8fe3cc,SEAT-ROOM-CALIB-01-20,HEAD_TURN_RIGHT,54900.00000000001,60433.333333333336,FP
7ad3cfe2-0ef2-4f3c-a0b0-e54dd08cb91c,SEAT-ROOM-CALIB-01-09,HEAD_TURN_RIGHT,58633.333333333336,59233.333333333336,FP
a4c4377a-d344-4404-a0d5-2a229283a2bb,SEAT-ROOM-CALIB-01-18,HEAD_TURN_RIGHT,56133.333333333336,59233.333333333336,FP
24090cdf-0532-403e-8291-9cab837b2734,SEAT-ROOM-CALIB-01-13,HEAD_TURN_LEFT,58266.66666666667,59266.66666666667,FP
661a405a-08f2-4920-b60f-24ec77d6eabd,SEAT-ROOM-CALIB-01-16,HEAD_TURN_RIGHT,56100.00000000001,60966.66666666667,FP
4705317d-1a18-4b3e-bae4-15685281531f,SEAT-ROOM-CALIB-01-21,HEAD_TURN_LEFT,58733.333333333336,61300.00000000001,FP
7baf794f-66b1-4545-8a54-1f00e16459f2,SEAT-ROOM-CALIB-01-12,HEAD_TURN_LEFT,60833.333333333336,62400.00000000001,FP
496bdf6d-6585-4c7b-9f3b-52d5682f6cdc,SEAT-ROOM-CALIB-01-20,HEAD_TURN_RIGHT,60533.333333333336,62600.00000000001,FP
761a70c3-7dd2-40ec-863a-28603c2dffc4,SEAT-ROOM-CALIB-01-06,HEAD_TURN_RIGHT,61500.00000000001,62666.66666666667,FP
1a5a50f0-9ef7-4010-9fe5-83c7814fd6d8,SEAT-ROOM-CALIB-01-16,HEAD_TURN_LEFT,60800.00000000001,62833.333333333336,FP
965dbc46-2522-4f78-9ccf-9ad888fea6ec,SEAT-ROOM-CALIB-01-17,HEAD_TURN_LEFT,60166.66666666667,61600.00000000001,FP
2ee32bc5-19ec-49c8-b5e5-d0ce946e9a92,SEAT-ROOM-CALIB-01-20,HEAD_TURN_RIGHT,63000.00000000001,63966.66666666667,FP
13f3eb33-bd84-4751-98f5-978be02af8c9,SEAT-ROOM-CALIB-01-13,HEAD_TURN_LEFT,63333.333333333336,64200.00000000001,FP
801e05c3-02ca-45fe-bafd-dd514223b94b,SEAT-ROOM-CALIB-01-16,HEAD_TURN_RIGHT,62666.66666666667,64500.00000000001,FP
cfd6442e-8228-4bb9-bd54-eb48f9eaa8d6,SEAT-ROOM-CALIB-01-21,HEAD_TURN_RIGHT,61933.333333333336,64500.00000000001,FP
ad80c400-0a8d-4509-9089-9b9492224725,SEAT-ROOM-CALIB-01-12,HEAD_TURN_LEFT,63433.333333333336,64600.00000000001,FP
ae0e383c-198e-4cb9-9815-f9b091521f22,SEAT-ROOM-CALIB-01-15,HEAD_TURN_LEFT,63633.333333333336,64633.333333333336,FP
0552c355-1b0a-4a77-a43d-958e02ed7ca6,SEAT-ROOM-CALIB-01-21,HEAD_TURN_LEFT,64333.333333333336,65500.00000000001,FP
337d674d-24f4-42df-9715-ceaeeadc7f10,SEAT-ROOM-CALIB-01-07,HEAD_TURN_LEFT,64233.333333333336,66033.33333333334,FP
5d002506-e62e-4a51-8ced-c51097b4c009,SEAT-ROOM-CALIB-01-20,HEAD_TURN_LEFT,63600.00000000001,66133.33333333334,FP
4808edb1-0c65-4415-a81f-0d35b0b10fe6,SEAT-ROOM-CALIB-01-09,HEAD_TURN_RIGHT,62000.00000000001,66533.33333333334,FP
c3436796-2f52-4f75-84e5-30dfd439ba1a,SEAT-ROOM-CALIB-01-17,HEAD_TURN_LEFT,62900.00000000001,66733.33333333334,FP
377c3d54-ab42-401c-a40a-20ccddd45de3,SEAT-ROOM-CALIB-01-06,HEAD_TURN_RIGHT,63900.00000000001,66566.66666666667,FP
d0ac3749-810a-4706-923f-95eef5184ee0,SEAT-ROOM-CALIB-01-17,HEAD_TURN_LEFT,66766.66666666667,67633.33333333334,FP
61741b44-740b-452f-b8cf-d80bdf91e313,SEAT-ROOM-CALIB-01-15,HEAD_TURN_LEFT,68633.33333333334,69933.33333333334,FP
961fd9a0-9bbd-4af3-a532-da0fc15b02fd,SEAT-ROOM-CALIB-01-12,HEAD_TURN_RIGHT,68900.0,70233.33333333334,FP
adb4a4e6-dff1-4b5b-92cf-c2fa85cf457f,SEAT-ROOM-CALIB-01-03,HEAD_TURN_RIGHT,67833.33333333334,70466.66666666667,FP
009fbabe-8f42-4ec1-89dd-b7ef4040fdb5,SEAT-ROOM-CALIB-01-21,HEAD_TURN_RIGHT,66766.66666666667,69333.33333333334,FP
5733734a-2c8b-4c61-a69b-ec29d5f3fac9,SEAT-ROOM-CALIB-01-08,HEAD_TURN_RIGHT,69500.0,71200.0,FP
5c6e6342-089e-474a-a23f-55954a326a25,SEAT-ROOM-CALIB-01-20,HEAD_TURN_RIGHT,66366.66666666667,71333.33333333334,FP
76402387-0092-437b-87ea-d317383c6341,SEAT-ROOM-CALIB-01-07,HEAD_TURN_LEFT,68866.66666666667,71433.33333333334,FP
0ac35a8b-1d6c-4e8f-ae39-2d4efbb131ae,SEAT-ROOM-CALIB-01-03,HEAD_TURN_RIGHT,70866.66666666667,71666.66666666667,FP
1f59e705-97e8-4439-b175-a2c7778d9673,SEAT-ROOM-CALIB-01-06,HEAD_TURN_LEFT,69766.66666666667,71666.66666666667,FP
3f5ec3d7-0217-4944-850f-bf2e423b54e5,SEAT-ROOM-CALIB-01-09,HEAD_TURN_RIGHT,66933.33333333334,71666.66666666667,FP
2a7d73aa-76ae-44b2-8798-a0e7193d95e7,SEAT-ROOM-CALIB-01-13,HEAD_TURN_LEFT,67300.0,71666.66666666667,FP
33c4e55a-7e1b-4b21-9bf4-ff3fec39b55a,SEAT-ROOM-CALIB-01-14,HEAD_TURN_RIGHT,50266.66666666667,71666.66666666667,FP
8500719f-e92d-41a6-a126-8a98eb15a562,SEAT-ROOM-CALIB-01-16,HEAD_TURN_RIGHT,66433.33333333334,71666.66666666667,FP
54bb7a37-5e82-41c5-bfb0-c122fa07e18c,SEAT-ROOM-CALIB-01-18,HEAD_TURN_RIGHT,60666.66666666667,71666.66666666667,FP
d9902fd8-4a8d-4035-99dc-f1906c68b98a,SEAT-ROOM-CALIB-01-20,HEAD_TURN_LEFT,70966.66666666667,71666.66666666667,FP
